year,pm25,rth
1.0,0.11066163569049481,-0.883007449348967
0.11066163569049481,1.0,0.36876118600412905
-0.883007449348967,0.36876118600412905,1.0
