year,pm25
2015,97.0
2016,97.0
2017,97.0
2018,109.15441176470588
2019,104.70454545454545
2020,96.75698324022346
2021,44.31547619047619
2022,103.96264367816092
2023,95.50454545454545
